TSTART (NuSTAR MET),TSTOP (NuSTAR MET),TPEAK (NuSTAR MET),T90 (s),FLUENCE (erg cm-2),FLUENCE_ERR (erg cm-2),HARDNESS (10-79keV/3-10keV),HARDNESS_ERR
403409905.599507,403409906.960375,403409906.491022,1.360868,1.375e-09,3.815e-10,0.627,0.356
403410000.364839,403410000.470499,403410000.39632,0.10566,1.175e-09,3.564e-10,0.570,0.354
403410099.171249,403410100.30121,403410099.371248,1.129961,5.072e-08,3.158e-09,0.567,0.074
403410222.543739,403410222.787176,403410222.644729,0.243437,8.333e-10,2.962e-10,3.024,2.475
403410301.689052,403410302.129653,403410302.01039505,0.440601,5.271e-10,2.359e-10,1.500,1.372
403410446.88216,403410447.522143,403410447.06216,0.639983,4.754e-09,7.329e-10,0.452,0.151
403410531.013931,403410531.35174,403410531.02718806,0.337809,1.471e-09,3.916e-10,0.744,0.401
403410532.867068,403410534.027018,403410532.9270741,1.15995,1.508e-08,1.406e-09,0.490,0.097
403410608.305717,403410609.280335,403410608.39246607,0.974617,2.460e-09,5.120e-10,1.103,0.459
403410680.475497,403410680.965281,403410680.51793504,0.489784,2.641e-09,5.271e-10,0.468,0.200
403410703.68619,403410703.919442,403410703.786445,0.233252,1.662e-09,4.267e-10,0.498,0.272
403410783.396871,403410784.064384,403410783.89121604,0.667514,1.486e-09,3.966e-10,0.281,0.185
403410878.997479,403410879.061631,403410879.024793,0.064152,4.116e-10,2.058e-10,0.976,0.988
403411016.765066,403411017.595026,403411016.795074,0.82996,5.532e-09,7.881e-10,0.640,0.188
403411042.677782,403411042.833296,403411042.783185,0.155514,5.171e-10,2.309e-10,1.512,1.384
403411248.629807,403411248.825803,403411248.767589,0.195996,1.802e-09,4.367e-10,0.547,0.278
403411261.48658,403411262.556516,403411261.516588,1.069936,9.719e-09,1.049e-09,0.682,0.150
403411274.605546,403411275.395503,403411275.215508,0.789958,1.159e-08,1.185e-09,0.713,0.148
403411468.019803,403411468.789759,403411468.22979605,0.769956,7.856e-09,9.588e-10,0.264,0.079
403411522.085017,403411522.665138,403411522.2552401,0.580122,2.816e-09,5.522e-10,0.626,0.251
403411622.053946,403411622.539074,403411622.09665203,0.485128,1.857e-09,4.518e-10,0.907,0.441
403411847.707069,403411847.816582,403411847.7665111,0.109513,1.993e-09,4.669e-10,0.636,0.307
403412002.072242,403412002.362235,403412002.102249,0.289993,6.275e-09,8.685e-10,0.616,0.176
403412103.543417,403412103.779485,403412103.6526971,0.236068,2.108e-09,4.819e-10,0.561,0.267
403412212.722316,403412213.532258,403412212.872311,0.809943,2.243e-08,1.852e-09,0.515,0.090
403412242.612125,403412243.054505,403412242.9394361,0.44238,1.662e-09,4.267e-10,0.498,0.272
403412623.542811,403412624.292759,403412624.162761,0.749948,9.518e-09,1.185e-09,0.653,0.166
403412642.9034,403412643.037371,403412643.020952,0.133971,1.044e-09,3.665e-10,0.333,0.274
403412698.29565,403412698.465653,403412698.385651,0.170004,4.990e-09,8.183e-10,0.858,0.283
403415445.355515,403415445.975505,403415445.835502,0.61999,1.464e-08,1.386e-09,0.640,0.123
403415494.780576,403415495.234757,403415495.033134,0.454181,1.049e-09,3.313e-10,0.000,0.000
403415528.477231,403415528.900463,403415528.70150805,0.423232,6.275e-10,2.560e-10,0.506,0.433
403415744.370899,403415746.340821,403415744.6408961,1.969921,4.931e-08,2.977e-09,0.437,0.057
403415809.468955,403415809.695706,403415809.567618,0.226751,7.430e-10,2.811e-10,2.524,2.071
403415826.77673,403415827.086734,403415826.896734,0.310004,5.311e-09,7.831e-10,0.437,0.140
403415994.850994,403415994.977046,403415994.867947,0.126053,3.112e-10,1.807e-10,2.000,2.430
403416400.90101,403416401.221907,403416400.95455503,0.320897,3.308e-09,6.024e-10,0.877,0.321
403416441.074838,403416441.595694,403416441.542016,0.520856,1.682e-09,4.217e-10,0.772,0.389
403416488.380028,403416488.529425,403416488.52902806,0.149397,5.622e-10,2.510e-10,0.258,0.290
403416494.139729,403416494.383937,403416494.168666,0.244208,1.059e-09,3.363e-10,0.661,0.427
403416515.77726,403416516.267248,403416516.107249,0.489988,1.214e-08,1.280e-09,0.551,0.121
403416703.021942,403416704.819777,403416703.9346161,1.797835,1.561e-09,4.016e-10,0.364,0.215
403416728.072404,403416728.366562,403416728.212916,0.294158,1.285e-09,3.715e-10,0.718,0.420
403416912.559497,403416912.959487,403416912.809489,0.39999,8.730e-09,1.024e-09,0.663,0.159
403416990.593007,403416990.703359,403416990.633561,0.110352,7.430e-10,2.811e-10,0.741,0.569
403417118.723458,403417118.993456,403417118.81346107,0.269998,7.274e-09,9.387e-10,0.617,0.163
403417349.629451,403417349.769412,403417349.74425805,0.139961,7.480e-10,2.811e-10,0.733,0.556
403417414.273721,403417414.483022,403417414.288676,0.209301,1.867e-09,4.518e-10,3.276,1.889
403417428.723997,403417428.780763,403417428.747414,0.056766,4.367e-10,2.159e-10,1.000,1.020
403417619.47825,403417619.516223,403417619.510381,0.037973,4.367e-10,2.209e-10,1.023,1.015
403417623.325532,403417623.582909,403417623.45002306,0.257377,1.968e-09,4.669e-10,1.253,0.597
403417705.475308,403417708.337231,403417705.96245503,2.861923,2.520e-09,5.271e-10,0.360,0.171
403417833.823147,403417833.953095,403417833.830536,0.129948,8.634e-10,3.062e-10,0.607,0.448
403417911.051149,403417911.152666,403417911.06324303,0.101517,8.383e-10,2.962e-10,1.694,1.242
403417998.128075,403417999.599733,403417998.28493905,1.471658,1.491e-09,3.966e-10,0.560,0.314
403418014.485683,403418014.609271,403418014.543385,0.123587,7.279e-10,2.761e-10,0.394,0.329
403418088.499756,403418089.148121,403418089.016245,0.648364,2.179e-09,4.869e-10,0.311,0.159
403418224.74144,403418224.9154,403418224.763173,0.17396,5.422e-10,2.410e-10,0.256,0.286
403418249.649571,403418249.803831,403418249.6907691,0.154261,2.128e-09,4.869e-10,0.901,0.413
403418296.021524,403418296.128511,403418296.056298,0.106986,5.522e-10,2.460e-10,1.444,1.330
403418320.093971,403418320.253976,403418320.123978,0.160005,4.242e-09,7.078e-10,0.724,0.246
403418335.012534,403418335.602497,403418335.242522,0.589963,8.539e-09,1.019e-09,0.549,0.137
403421163.894487,403421163.948653,403421163.90092206,0.054166,6.225e-10,2.560e-10,1.000,0.821
403421284.881012,403421285.84893,403421285.125093,0.967917,1.461e-09,3.916e-10,0.169,0.126
403421610.694189,403421611.601986,403421610.719,0.907797,2.550e-09,5.221e-10,0.603,0.255
403421838.057003,403421839.146964,403421838.886968,1.089961,3.041e-08,2.128e-09,0.482,0.072
403421899.893592,403421900.693567,403421900.543566,0.799975,5.381e-09,7.781e-10,0.414,0.132
403422011.306672,403422014.561209,403422011.537254,3.254538,3.579e-09,6.124e-10,0.417,0.158
403422174.659582,403422174.941583,403422174.7374921,0.282001,3.685e-09,6.426e-10,0.733,0.258
403422200.205903,403422200.655895,403422200.31590605,0.449992,2.394e-08,1.928e-09,0.703,0.115
403422229.916697,403422229.930755,403422229.92405105,0.014058,6.225e-10,2.560e-10,1.000,0.821
403422533.043785,403422533.633764,403422533.39377105,0.589978,1.292e-08,1.290e-09,0.470,0.101
403422536.963508,403422538.06345,403422537.53347707,1.099942,3.251e-08,2.294e-09,0.508,0.076
403422680.142717,403422681.919766,403422681.84298,1.777048,2.962e-09,5.572e-10,1.007,0.379
403422724.112591,403422725.246845,403422724.12980103,1.134254,1.677e-09,4.217e-10,0.763,0.384
403422944.350685,403422944.507271,403422944.442495,0.156586,5.321e-10,2.410e-10,0.656,0.603
403423057.629977,403423057.736332,403423057.723132,0.106355,4.167e-10,2.108e-10,0.339,0.392
403423127.953348,403423128.649784,403423128.0471691,0.696436,1.380e-09,3.815e-10,0.185,0.141
403423197.251812,403423198.12924,403423197.26119506,0.877428,2.058e-09,4.719e-10,0.444,0.221
403423405.047581,403423405.23315,403423405.142679,0.185569,3.896e-09,6.677e-10,0.780,0.270
403423428.467226,403423428.5964,403423428.4805521,0.129174,8.484e-10,3.012e-10,0.323,0.264
403423436.44607,403423436.691469,403423436.5898111,0.245399,1.426e-09,3.966e-10,0.632,0.358
403423656.906483,403423657.071612,403423656.929309,0.165129,1.270e-09,3.665e-10,0.337,0.224
403423966.610414,403423966.738244,403423966.71968305,0.12783,1.190e-09,3.614e-10,0.566,0.354
403424036.76966,403424036.884633,403424036.79292405,0.114974,7.630e-10,2.861e-10,0.421,0.354
403424070.454433,403424070.7117,403424070.61966,0.257267,1.340e-09,3.865e-10,0.475,0.291
403424270.388835,403424271.042873,403424270.950389,0.654039,2.515e-09,5.221e-10,0.278,0.141
403424322.952789,403424322.979422,403424322.96541905,0.026633,4.267e-10,2.108e-10,0.000,0.000
403427004.450182,403427005.060173,403427004.8401741,0.609991,1.651e-08,1.441e-09,0.488,0.091
403427039.246908,403427039.470428,403427039.3085151,0.22352,3.183e-09,5.924e-10,1.642,0.627
403427113.29116,403427114.808794,403427113.434934,1.517634,2.796e-09,5.472e-10,0.443,0.189
403427185.793311,403427186.051935,403427185.951403,0.258623,6.426e-10,2.610e-10,0.208,0.227
403427267.909249,403427267.99932,403427267.9673641,0.090071,1.471e-09,3.916e-10,0.395,0.235
403427446.270761,403427446.47063,403427446.358341,0.199869,1.145e-09,3.464e-10,1.747,1.105
403427612.809515,403427613.689488,403427613.2695,0.879972,3.835e-08,2.615e-09,0.685,0.095
403427716.442741,403427719.703735,403427719.33363307,3.260994,3.499e-09,6.074e-10,0.892,0.307
403427829.617285,403427830.487255,403427829.6572931,0.869969,6.777e-09,8.885e-10,0.934,0.245
403427904.440088,403427904.545752,403427904.482844,0.105664,7.379e-10,2.761e-10,1.317,1.021
403427918.891963,403427921.261839,403427920.811857,2.369876,5.042e-08,3.183e-09,0.659,0.085
403428139.431264,403428139.566813,403428139.45801806,0.135548,1.150e-09,3.464e-10,0.380,0.255
403428178.509498,403428179.064995,403428179.0353861,0.555497,1.255e-09,3.614e-10,1.008,0.579
403428193.264575,403428193.396455,403428193.39442205,0.13188,9.488e-10,3.163e-10,0.783,0.527
403428218.057787,403428218.610498,403428218.35273206,0.552711,1.240e-09,3.564e-10,0.328,0.218
403428346.553789,403428347.253759,403428346.56379807,0.69997,5.682e-08,3.599e-09,0.660,0.085
403428387.711407,403428387.935269,403428387.89082706,0.223863,1.501e-09,4.016e-10,0.163,0.126
403428653.100688,403428655.630507,403428653.46067,2.529819,5.316e-09,7.530e-10,1.184,0.335
403428797.998939,403428798.868886,403428798.018947,0.869948,6.054e-09,8.183e-10,0.893,0.241
403428819.200578,403428819.628827,403428819.377172,0.428249,3.223e-09,5.873e-10,0.430,0.171
403428853.00655,403428853.202527,403428853.10434806,0.195977,1.416e-09,3.916e-10,0.439,0.263
403428877.402287,403428878.972174,403428878.162233,1.569887,8.705e-09,9.990e-10,0.736,0.171
403429015.540382,403429015.950366,403429015.70037806,0.409984,8.810e-09,1.054e-09,0.521,0.131
403429149.815542,403429150.016694,403429149.878443,0.201152,5.321e-10,2.410e-10,0.984,0.811
403429257.725129,403429257.803658,403429257.73861504,0.07853,7.630e-10,2.912e-10,0.407,0.339
403429276.956835,403429277.846773,403429277.24681807,0.889938,5.055e-09,7.530e-10,0.554,0.173
403429279.845187,403429280.213303,403429279.99656403,0.368116,2.455e-09,5.221e-10,2.169,0.989
403429392.035709,403429393.238975,403429392.806062,1.203266,3.122e-09,5.924e-10,0.267,0.124
403429520.413554,403429520.57531,403429520.423998,0.161756,7.580e-10,2.861e-10,1.359,1.034
403429593.836697,403429593.965832,403429593.886986,0.129135,9.940e-10,3.313e-10,2.000,1.413
403429631.169027,403429631.463103,403429631.3933921,0.294076,1.521e-09,4.066e-10,0.757,0.406
403429701.836239,403429701.886507,403429701.85661805,0.050269,7.530e-10,2.861e-10,0.765,0.582
403429734.363476,403429736.003338,403429735.83334506,1.639862,1.299e-08,1.250e-09,0.473,0.097
403429774.816547,403429776.727321,403429775.62950706,1.910774,3.730e-09,6.325e-10,0.846,0.287
403429946.609699,403429946.997946,403429946.942979,0.388247,3.047e-09,5.873e-10,0.593,0.236
403430001.037146,403430001.125634,403430001.08776903,0.088488,7.881e-10,2.962e-10,0.389,0.324
403430032.124779,403430034.124607,403430032.78472507,1.999828,5.848e-09,8.183e-10,0.592,0.171
403430052.702805,403430053.162781,403430052.90279603,0.459976,1.999e-08,1.722e-09,0.685,0.120
403432764.378573,403432764.41825,403430147.079566,0.689792,4.518e-10,9.538e-11,0.141,0.095
403432941.040248,403432941.322472,403432764.383144,0.039677,7.430e-10,2.811e-10,0.750,0.578
403432947.539017,403432947.900254,403432941.104607,0.282224,9.337e-10,3.112e-10,0.283,0.227
403432960.86199,403432960.916192,403432947.84427905,0.361238,1.807e-09,4.367e-10,0.895,0.433
403433045.183391,403433045.266967,403432960.89364207,0.054202,7.480e-10,2.811e-10,0.164,0.177
403433201.441627,403433201.851626,403433045.2194971,0.083575,1.069e-09,3.363e-10,0.664,0.431
403433273.959783,403433274.174425,403433201.54163206,0.409999,9.799e-09,1.104e-09,0.713,0.162
403433369.262827,403433369.592829,403433274.037882,0.214642,5.171e-10,2.309e-10,0.661,0.605
403433391.109052,403433391.151997,403433369.40282905,0.330002,1.052e-08,1.150e-09,0.825,0.181
403433418.154742,403433419.23193,403433391.111658,0.042945,9.237e-10,3.062e-10,0.128,0.136
403433447.048592,403433447.388593,403433418.530167,1.077188,1.682e-09,4.217e-10,0.988,0.495
403433484.514312,403433484.741357,403433447.25859,0.340001,7.540e-09,9.237e-10,0.787,0.192
403433532.49381,403433533.253787,403433484.62651706,0.227045,1.637e-09,4.217e-10,0.874,0.456
403433593.860286,403433594.490269,403433532.533818,0.759977,5.125e-09,7.580e-10,0.393,0.129
403433769.650972,403433770.015818,403433594.29027104,0.629983,1.778e-08,1.536e-09,0.586,0.105
403433811.237132,403433811.527134,403433769.82973206,0.364847,1.596e-09,4.116e-10,0.502,0.278
403433969.235202,403433969.525163,403433811.317137,0.290002,9.854e-09,1.099e-09,0.501,0.118
403434253.036796,403434253.316795,403433969.23687005,0.28996,8.283e-10,2.912e-10,0.976,0.698
403434375.381596,403434375.520723,403434253.096802,0.279999,7.189e-09,9.136e-10,0.673,0.174
403434413.334182,403434413.48309,403434375.407506,0.139128,6.275e-10,2.560e-10,0.500,0.426
403434566.992171,403434571.191845,403434413.374542,0.148908,2.400e-09,5.120e-10,0.817,0.350
403434698.679895,403434698.817092,403434567.3321531,4.199674,1.405e-08,1.280e-09,0.612,0.115
403434896.687921,403434896.945376,403434698.7211311,0.137196,6.526e-10,2.661e-10,0.494,0.435
403434903.892178,403434905.454014,403434896.803807,0.257455,5.271e-10,2.359e-10,0.247,0.276
403434927.944673,403434928.434876,403434903.893173,1.561836,1.089e-09,3.464e-10,0.254,0.200
403434952.133937,403434952.28446,403434927.961012,0.490203,3.303e-09,5.924e-10,0.828,0.299
403435033.198993,403435033.248617,403434952.22882307,0.150523,1.421e-09,3.966e-10,0.444,0.268
403435193.300268,403435193.443732,403435033.2414421,0.049624,3.163e-10,1.807e-10,0.488,0.595
403435269.376348,403435269.485361,403435193.306568,0.143464,6.325e-10,2.610e-10,1.048,0.852
403435311.876379,403435311.947516,403435269.379387,0.109014,7.580e-10,2.861e-10,0.172,0.186
403435396.524575,403435396.657769,403435311.93534505,0.071136,8.835e-10,3.112e-10,1.667,1.213
403435444.782623,403435446.802449,403435396.557261,0.133193,4.468e-10,2.259e-10,1.023,1.024
403435476.053129,403435476.159739,403435444.81263006,2.019826,5.617e-09,7.881e-10,0.643,0.184
403435713.383655,403435713.870253,403435476.15961504,0.10661,4.167e-10,2.108e-10,1.000,0.976
403435772.621012,403435774.080892,403435713.39672804,0.486598,1.777e-09,4.468e-10,0.142,0.107
403435893.119456,403435895.299268,403435772.631021,1.45988,1.761e-08,1.451e-09,0.832,0.137
403438966.853275,403438967.177242,403435894.999287,2.179812,5.051e-08,2.701e-09,0.535,0.060
403439009.117659,403439009.182226,403438966.96423805,0.323967,1.320e-09,3.815e-10,0.963,0.559
403439057.106762,403439058.320863,403439009.15207803,0.064567,1.827e-09,4.418e-10,0.693,0.340
403439080.816602,403439080.999756,403439057.909552,1.2141,2.334e-09,4.970e-10,1.204,0.516
403439248.759294,403439249.569269,403439080.88834906,0.183154,1.406e-09,3.916e-10,1.593,0.906
403439383.101679,403439383.921651,403439248.819301,0.809975,8.705e-09,1.034e-09,0.541,0.135
403439457.817824,403439458.019536,403439383.41167104,0.819972,4.305e-08,2.786e-09,0.595,0.080
403439512.269213,403439512.347504,403439457.977281,0.201713,1.360e-09,3.765e-10,0.627,0.360
403439919.83031,403439920.21307,403439512.31400406,0.078291,1.270e-09,3.665e-10,1.000,0.579
403440045.137993,403440045.377995,403439919.8471271,0.38276,1.255e-09,3.614e-10,0.712,0.419
403440103.333457,403440103.533585,403440045.337988,0.240002,6.300e-09,8.584e-10,0.456,0.133
403440269.312717,403440269.407974,403440103.34362507,0.200129,2.033e-09,4.669e-10,0.919,0.424
403440346.591703,403440346.626903,403440269.360659,0.095257,5.271e-10,2.359e-10,0.667,0.610
403440357.044895,403440357.099199,403440346.62438905,0.035201,4.217e-10,2.108e-10,2.864,3.298
403440428.894027,403440429.231503,403440357.0635301,0.054304,8.383e-10,2.962e-10,1.651,1.203
403440515.919682,403440516.114829,403440429.137534,0.337475,1.054e-09,3.313e-10,0.429,0.293
403440962.009911,403440963.469794,403440515.940155,0.195147,7.530e-10,2.861e-10,1.308,1.001
403440990.517234,403440991.017207,403440962.159907,1.459883,1.122e-08,1.160e-09,0.514,0.112
403441081.898593,403441082.298575,403440990.6072351,0.499973,1.288e-08,1.265e-09,0.298,0.069
403441114.025535,403441114.575503,403441082.148579,0.399982,4.257e-09,6.978e-10,0.481,0.169
403441396.377671,403441396.588649,403441114.1255361,0.549968,4.567e-08,3.017e-09,0.594,0.081
403441428.567011,403441428.82269,403441396.41840005,0.210978,8.634e-10,3.062e-10,1.688,1.231
403441472.312217,403441472.543122,403441428.62529004,0.25568,6.476e-10,2.610e-10,0.506,0.446
403441480.530087,403441480.576636,403441472.381065,0.230904,2.465e-09,5.120e-10,0.655,0.281
403441638.875866,403441639.032236,403441480.570274,0.046549,8.584e-10,3.012e-10,0.336,0.271
403441694.949665,403441695.51963,403441638.905036,0.15637,1.441e-09,4.016e-10,0.187,0.144
403444402.702921,403444403.322911,403441695.00966907,0.569966,5.427e-09,7.831e-10,0.536,0.163
403444418.817153,403444419.040521,403444402.92292,0.61999,2.081e-08,1.742e-09,0.552,0.097
403444428.859833,403444429.036678,403444418.9021491,0.223368,6.375e-10,2.610e-10,1.016,0.837
403444489.323999,403444489.494232,403444428.871668,0.176845,1.175e-09,3.564e-10,1.753,1.105
403444565.892661,403444566.050363,403444489.448735,0.170233,2.028e-09,4.669e-10,0.266,0.151
403444577.159047,403444577.243452,403444566.024999,0.157702,1.506e-09,4.016e-10,6.143,4.737
403444657.07049,403444660.130358,403444577.17445207,0.084404,7.329e-10,2.761e-10,0.404,0.341
403444744.7534,403444745.349549,403444658.43043303,3.059868,6.446e-09,8.383e-10,0.737,0.194
403444757.147087,403444759.534271,403444745.0760751,0.596149,2.866e-09,5.622e-10,0.733,0.291
403444783.38411,403444784.244086,403444757.845425,2.387184,3.584e-09,6.124e-10,0.476,0.176
403444804.609321,403444808.165522,403444783.5441121,0.859976,2.766e-08,2.128e-09,0.625,0.099
403444839.501211,403444840.911158,403444805.312992,3.556201,3.494e-09,6.074e-10,0.576,0.208
403444858.12024,403444859.020213,403444840.551167,1.409947,4.899e-08,2.731e-09,0.570,0.066
403444861.730051,403444862.980006,403444858.220245,0.899973,1.217e-08,1.185e-09,0.606,0.122
403444888.478241,403444888.703172,403444862.0800431,1.249955,1.077e-08,1.119e-09,0.857,0.178
403444936.152326,403444936.640923,403444888.618647,0.224931,1.064e-09,3.363e-10,0.664,0.425
403444977.372755,403444977.756363,403444936.40610707,0.488597,7.279e-10,2.761e-10,1.339,1.031
403444988.091343,403444988.852394,403444977.493893,0.383608,2.128e-09,4.769e-10,1.214,0.545
403444993.493012,403444994.142997,403444988.78327906,0.761051,2.560e-09,5.221e-10,0.594,0.250
403445062.15551,403445062.90402,403444993.53302,0.649985,6.928e-09,9.036e-10,0.515,0.142
403445070.75742,403445071.212675,403445062.669206,0.748511,1.150e-09,3.464e-10,0.380,0.255
403445072.896477,403445073.333765,403445070.83875,0.455254,1.591e-09,4.116e-10,0.665,0.352
403445080.508197,403445082.378112,403445073.01862705,0.437288,2.791e-09,5.472e-10,1.000,0.392
403445140.485309,403445140.684026,403445081.028178,1.869915,4.513e-09,7.078e-10,0.516,0.170
403445177.907459,403445178.273597,403445140.514801,0.198717,1.265e-09,3.665e-10,0.300,0.196
403445206.559539,403445206.818841,403445178.0026361,0.366139,1.872e-09,4.518e-10,1.107,0.534
403445292.072015,403445292.368334,403445206.700958,0.259303,9.438e-10,3.163e-10,8.350,8.856
403445307.466387,403445309.065336,403445292.155854,0.296318,1.877e-09,4.418e-10,0.798,0.380
403445348.021767,403445348.786665,403445309.03482604,1.598949,1.682e-09,4.217e-10,0.329,0.189
403445428.23542,403445429.971214,403445348.412403,0.764897,1.476e-09,3.916e-10,0.754,0.410
403445548.158549,403445548.483036,403445428.887334,1.735793,1.872e-09,4.568e-10,0.561,0.285
403445560.219833,403445560.250874,403445548.22952306,0.324487,1.350e-09,3.765e-10,0.459,0.274
403445698.739142,403445700.369046,403445560.24871707,0.031041,4.066e-10,2.058e-10,0.328,0.378
403445723.853757,403445725.907526,403445699.44910204,1.629905,6.516e-09,8.434e-10,0.538,0.145
403445758.310096,403445758.372267,403445723.977355,2.05377,3.037e-09,5.622e-10,0.709,0.267
403445771.943883,403445772.823839,403445758.34488106,0.062171,6.375e-10,2.610e-10,0.198,0.217
403445776.822724,403445777.351751,403445771.983891,0.879956,4.086e-09,6.626e-10,0.723,0.237
403445780.753241,403445782.573128,403445776.8835341,0.529028,2.746e-09,5.371e-10,0.989,0.386
403445849.707434,403445850.380953,403445780.95323706,1.819887,2.571e-08,1.777e-09,0.497,0.073
403445964.2794,403445965.449329,403445849.74815106,0.673518,3.695e-09,6.325e-10,0.481,0.176
403446037.183661,403446037.883625,403445964.329406,1.169929,6.646e-09,8.634e-10,0.647,0.173
403446055.212221,403446055.652206,403446037.313661,0.699964,8.609e-09,1.014e-09,0.440,0.113
403446258.456017,403446260.105144,403446055.51220703,0.439985,8.569e-09,1.034e-09,1.183,0.283
403446321.961877,403446322.289352,403446260.095315,1.649127,2.234e-09,4.869e-10,0.749,0.332
403446542.683372,403446545.959553,403446322.010013,0.327475,1.406e-09,3.916e-10,0.618,0.353
403446648.290803,403446650.970576,403446544.26033103,3.276181,1.732e-09,4.317e-10,0.994,0.497
403446677.320757,403446679.159799,403446648.660779,2.679773,7.861e-09,9.488e-10,0.498,0.128
403446704.29561,403446705.045561,403446679.127959,1.839042,2.304e-09,5.020e-10,0.620,0.278
403446920.842444,403446920.975281,403446704.33561707,0.74995,9.654e-08,5.748e-09,0.604,0.074
403446927.914497,403446929.104403,403446920.84518206,0.132837,8.634e-10,3.062e-10,0.977,0.691
403447016.974942,403447019.315588,403446928.1344861,1.189906,3.182e-08,2.164e-09,0.381,0.058
403447154.992662,403447155.22266,403447018.845793,2.340646,1.401e-09,3.865e-10,0.872,0.484
403447173.576643,403447173.662983,403447155.04266703,0.229998,4.372e-09,7.028e-10,0.344,0.127
403447245.363934,403447248.593642,403447173.61087406,0.08634,2.189e-09,4.920e-10,0.530,0.248
403450276.715996,403450277.174254,403447245.623919,3.229708,5.590e-08,3.273e-09,0.675,0.080
403450312.358263,403450315.558127,403450276.7400061,0.458258,3.248e-09,5.924e-10,0.505,0.196
403450432.917933,403450432.983193,403450312.788252,3.199864,3.886e-08,2.279e-09,0.639,0.077
403450490.656943,403450490.831765,403450432.922343,0.06526,5.271e-10,2.359e-10,0.694,0.630
403450502.762063,403450502.849821,403450490.699455,0.174822,7.379e-10,2.811e-10,1.297,0.996
403450556.954191,403450557.023389,403450502.778847,0.087758,6.375e-10,2.610e-10,0.984,0.800
403450666.802408,403450666.859412,403450557.016096,0.069198,7.329e-10,2.761e-10,0.390,0.327
403450767.994994,403450768.554984,403450666.810408,0.057004,6.275e-10,2.560e-10,0.984,0.802
403450835.647281,403450836.565851,403450768.14499605,0.55999,2.317e-08,1.893e-09,0.500,0.086
403450884.568545,403450884.938544,403450835.671291,0.91857,3.298e-09,5.924e-10,1.294,0.460
403450907.556728,403450907.618529,403450884.578555,0.369999,7.726e-09,9.438e-10,0.806,0.199
403450964.959543,403450965.957008,403450907.59725,0.061801,5.321e-10,2.359e-10,1.500,1.387
403450980.798508,403450980.952239,403450965.053947,0.997465,2.405e-09,5.120e-10,0.828,0.356
403451076.776588,403451076.822473,403450980.85302603,0.153731,9.387e-10,3.112e-10,0.127,0.134
403451102.141214,403451102.454654,403451076.78732,0.045884,7.329e-10,2.761e-10,0.750,0.569
403451228.416872,403451234.011663,403451102.155776,0.31344,1.375e-09,3.815e-10,0.621,0.355
403451442.379095,403451442.50072,403451233.237555,5.594791,2.154e-09,4.819e-10,1.005,0.450
403451713.72368,403451714.583634,403451442.41355,0.121625,5.271e-10,2.359e-10,0.667,0.610
403451745.667273,403451746.131128,403451714.11366,0.859954,3.434e-08,2.440e-09,0.591,0.087
403452178.515366,403452180.675197,403451745.75121903,0.463855,3.002e-09,5.673e-10,0.477,0.192
403452218.171872,403452219.621764,403452179.175318,2.159831,1.826e-08,1.476e-09,0.584,0.097
403452452.740619,403452453.110604,403452218.20188,1.449892,1.874e-08,1.616e-09,0.465,0.086
403452683.41517,403452683.715389,403452452.930611,0.369986,1.457e-08,1.401e-09,0.605,0.119
403452717.896331,403452717.946954,403452683.69892,0.300218,2.058e-09,4.719e-10,0.720,0.335
403452771.655849,403452771.900229,403452717.90565705,0.050623,1.235e-09,3.715e-10,0.541,0.339
403452795.768188,403452796.058181,403452771.78050005,0.24438,1.421e-09,3.966e-10,0.444,0.268
403452822.225645,403452823.975497,403452795.838192,0.289992,9.202e-09,1.079e-09,0.493,0.122
403453093.655232,403453094.990603,403452822.25565207,1.749852,7.284e-09,9.237e-10,0.780,0.201
403453122.884669,403453122.932999,403453094.06942105,1.335371,2.214e-09,4.970e-10,1.227,0.551
403453221.467153,403453222.617063,403453122.906641,0.04833,1.069e-09,3.363e-10,0.246,0.195
403453283.861184,403453284.241168,403453221.77713406,1.14991,1.154e-08,1.160e-09,0.654,0.135
403456129.480032,403456129.688882,403453283.931188,0.379984,8.067e-09,9.839e-10,0.972,0.238
403456222.055229,403456222.359044,403453296.956633,0.849939,3.936e-09,3.614e-10,0.673,0.125
403456273.885828,403456274.16983,403453311.755224,1.817173,3.865e-10,8.534e-11,0.833,0.385
403456441.397944,403456441.422556,403453325.25394,0.098871,1.958e-10,6.024e-11,0.258,0.214
403456733.446228,403456734.536186,403456129.517987,0.208849,8.132e-10,3.062e-10,0.761,0.578
403456790.280748,403456790.4986,403456222.1734201,0.303815,1.099e-09,3.464e-10,0.377,0.255
403457189.817439,403457190.011822,403456273.8908371,0.284002,7.430e-10,2.811e-10,2.524,2.122
403457228.049059,403457228.258197,403456441.402256,0.024611,5.120e-10,2.259e-10,1.525,1.410
403457466.907535,403457467.257528,403456733.556232,1.089957,5.035e-09,7.430e-10,1.002,0.297
403457750.53502,403457751.104993,403456790.35292506,0.217852,1.260e-09,3.614e-10,0.494,0.299
403457836.841399,403457837.150042,403457189.977527,0.194383,6.426e-10,2.610e-10,1.065,0.870
403458035.480327,403458035.517067,403457228.124894,0.209138,1.712e-09,4.267e-10,0.445,0.240
403458182.714594,403458182.824791,403457466.917544,0.349993,1.640e-08,1.516e-09,0.258,0.059
403458185.824861,403458186.049653,403457750.80500805,0.569973,1.012e-08,1.124e-09,0.589,0.135
403458196.469226,403458196.517668,403457836.86778903,0.308643,8.634e-10,3.062e-10,0.607,0.448
403458681.654724,403458682.312768,403458035.49050903,0.03674,8.785e-10,3.112e-10,0.989,0.695
403458737.006143,403458737.047654,403458182.737205,0.110197,1.094e-09,3.464e-10,0.260,0.206
403458932.271952,403458932.306067,403458185.946911,0.224793,9.739e-10,3.263e-10,0.516,0.363
403458993.989486,403458994.036733,403458196.49594307,0.048442,5.321e-10,2.359e-10,0.631,0.579
403461900.371105,403461900.691382,403458681.89999306,0.658045,1.546e-09,4.116e-10,0.962,0.512
403461972.458964,403461972.778724,403458737.03467,0.041511,1.200e-09,3.614e-10,0.374,0.255
403462208.29148,403462209.109612,403458932.28581905,0.034116,9.839e-10,3.263e-10,3.558,2.825
403462237.905851,403462237.941257,403458994.029881,0.047247,6.375e-10,2.610e-10,0.477,0.413
403462245.146736,403462245.250141,403461900.539853,0.320277,2.475e-09,6.175e-10,0.467,0.251
403462311.711447,403462312.30595,403461972.5063211,0.319759,1.566e-09,4.970e-10,0.668,0.433
403462427.046516,403462427.42688,403462208.56438303,0.818132,1.702e-09,4.568e-10,0.555,0.310
403462430.98798,403462431.37863,403462237.91285,0.035407,5.873e-10,2.610e-10,1.543,1.421
403462484.319401,403462485.379361,403462245.222466,0.103404,8.082e-10,3.062e-10,0.176,0.191
403462487.219236,403462488.409188,403462311.73893404,0.594503,9.940e-10,3.313e-10,0.500,0.353
403462527.546926,403462527.826929,403462427.40261304,0.380364,1.722e-09,4.317e-10,1.006,0.502
403462530.826736,403462532.016687,403462431.20240104,0.39065,1.064e-09,3.363e-10,0.430,0.296
403462534.21654,403462537.186388,403462485.009372,1.05996,2.361e-08,1.767e-09,0.504,0.080
403462540.846156,403462541.516137,403462487.689219,1.189952,6.230e-08,3.539e-09,0.424,0.053
403462548.225728,403462548.885709,403462527.566934,0.280004,4.413e-09,7.078e-10,0.386,0.138
403462554.88534,403462556.695254,403462531.2267231,1.189951,1.039e-08,1.094e-09,0.514,0.114
403462559.636391,403462559.796028,403462534.706522,2.969848,5.103e-08,2.666e-09,0.718,0.076
403462564.414783,403462566.394688,403462541.056154,0.669981,5.261e-09,7.681e-10,0.240,0.089
403462568.214561,403462570.504447,403462548.26573503,0.659982,4.347e-09,6.978e-10,1.439,0.468
403462581.353789,403462582.753727,403462555.825295,1.809914,4.004e-08,2.374e-09,0.457,0.058
403462588.80335,403462589.263343,403462559.715068,0.159637,3.429e-09,6.175e-10,0.192,0.093
403462595.452957,403462598.772781,403462565.6247231,1.979904,1.284e-08,1.220e-09,0.566,0.112
403462607.112266,403462610.052111,403462568.79453707,2.289886,3.368e-08,2.118e-09,0.538,0.071
403462618.261602,403462620.001518,403462581.793774,1.399938,3.356e-08,2.144e-09,0.496,0.067
403462626.501109,403462631.050857,403462588.97335005,0.459993,9.167e-09,1.034e-09,0.465,0.113
403462642.440152,403462643.870086,403462596.6728951,3.319823,1.573e-08,1.320e-09,0.649,0.111
403462648.649778,403462649.679736,403462608.852173,2.939845,3.279e-08,2.058e-09,0.527,0.069
403462652.497079,403462653.317671,403462619.24155307,1.739916,1.843e-08,1.561e-09,0.600,0.105
403462655.339374,403462655.649375,403462630.970852,4.549747,3.581e-08,2.134e-09,0.490,0.062
403462660.339071,403462661.129043,403462642.540156,1.429934,2.783e-08,1.968e-09,0.698,0.100
403462671.693606,403462672.027868,403462648.699785,1.029958,4.779e-09,7.229e-10,0.627,0.195
403462675.988119,403462677.838026,403462652.499555,0.820592,3.313e-09,5.974e-10,0.486,0.186
403462680.635265,403462681.044688,403462655.529372,0.310001,1.049e-08,1.150e-09,1.076,0.236
403462688.987324,403462690.327262,403462660.939044,0.789972,4.759e-09,7.279e-10,0.486,0.159
403462693.04731,403462694.088284,403462671.7583871,0.334262,2.686e-09,5.371e-10,0.564,0.235
403462701.416561,403462702.136536,403462677.058064,1.849907,1.334e-07,5.939e-09,0.503,0.047
403462704.935704,403462705.160011,403462681.02782106,0.409423,1.682e-09,4.217e-10,1.012,0.507
403462711.346286,403462711.499632,403462689.88727903,1.339938,5.114e-08,3.042e-09,0.405,0.053
403462715.925664,403462718.695513,403462693.30706906,1.040974,3.695e-09,6.325e-10,0.546,0.196
403462742.50401,403462743.433972,403462702.04653203,0.719976,1.278e-08,1.230e-09,0.654,0.128
403462745.363831,403462746.393786,403462705.046347,0.224307,1.712e-09,4.267e-10,0.459,0.248
403462750.00354,403462752.39341,403462711.44595206,0.153346,1.581e-09,4.066e-10,0.661,0.348
403462760.692868,403462761.072864,403462717.47557807,2.769848,6.467e-08,3.243e-09,0.775,0.079
403462763.721938,403462763.883998,403462742.564016,0.929962,1.929e-08,1.611e-09,0.628,0.107
403462767.475836,403462768.373437,403462746.063797,1.029956,6.325e-09,8.484e-10,0.622,0.171
403462771.022216,403462772.072169,403462750.96349,2.38987,2.841e-08,1.893e-09,0.326,0.051
403462777.486329,403462777.841474,403462760.732875,0.379996,7.078e-09,8.986e-10,0.502,0.135
403462785.451301,403462786.651244,403462763.73268604,0.16206,3.449e-09,6.325e-10,0.659,0.247
403462789.761026,403462790.401005,403462767.582443,0.897601,3.544e-09,6.175e-10,0.178,0.087
403462794.141255,403462794.694371,403462771.48219705,1.049954,3.668e-08,2.485e-09,0.333,0.052
403462800.960311,403462803.910142,403462777.711802,0.355145,2.641e-09,5.371e-10,0.713,0.295
403462814.339453,403462816.069361,403462785.94127905,1.199944,3.161e-08,2.134e-09,0.758,0.103
403462821.933702,403462822.062779,403462790.031019,0.639979,1.294e-08,1.225e-09,0.599,0.117
403462829.028505,403462831.328376,403462794.30074704,0.553116,2.159e-09,4.819e-10,0.541,0.253
403462835.478088,403462837.317988,403462802.49022305,2.949831,4.260e-08,2.400e-09,0.675,0.077
403462844.027532,403462844.587516,403462814.59944606,1.729909,8.459e-08,4.483e-09,0.479,0.055
403462847.017338,403462847.697313,403462821.968971,0.129077,1.762e-09,4.418e-10,0.618,0.321
403462854.594577,403462855.060681,403462831.3083681,2.299871,1.217e-08,1.200e-09,0.407,0.088
403462865.746113,403462868.185973,403462836.87800705,1.839901,4.476e-08,2.585e-09,0.519,0.063
403462885.99478,403462887.904673,403462844.11753607,0.559983,1.702e-08,1.536e-09,0.790,0.143
403462894.403277,403462894.997676,403462847.57731104,0.679976,4.734e-09,7.379e-10,0.948,0.297
403462898.383958,403462900.17386,403462854.726845,0.466105,1.632e-09,4.217e-10,0.456,0.247
403462899.823863,403462900.363847,403462867.026039,2.43986,1.827e-08,1.466e-09,0.840,0.135
403462907.708606,403462907.915265,403462886.794737,1.909894,2.583e-08,1.893e-09,0.802,0.118
403462913.322963,403462914.182926,403462894.78420806,0.5944,2.249e-09,4.920e-10,0.409,0.197
403462918.322629,403462918.612629,403462898.5039611,1.789901,1.762e-08,1.446e-09,0.622,0.104
403462928.425079,403462928.485556,403462899.9638641,0.539984,5.251e-09,7.681e-10,1.045,0.306
403462937.491341,403462938.771275,403462907.72334707,0.206659,1.496e-09,4.016e-10,1.838,1.024
403462944.206186,403462944.341056,403462913.472963,0.859963,8.243e-09,9.789e-10,0.535,0.133
403462954.770172,403462955.550139,403462918.35263705,0.290001,1.196e-08,1.255e-09,0.597,0.130
403462959.289865,403462961.159758,403462928.47195804,0.060478,1.270e-09,3.665e-10,0.339,0.226
403462969.123735,403462969.191692,403462938.7412671,1.279934,5.256e-09,7.580e-10,0.509,0.156
403462974.216886,403462974.778122,403462944.230896,0.13487,1.872e-09,4.518e-10,0.893,0.434
403462979.078514,403462979.628497,403462955.17015505,0.779967,1.254e-08,1.225e-09,0.713,0.141
403462987.329967,403462987.524562,403462959.379869,1.869893,1.593e-08,1.370e-09,0.583,0.103
403462991.084117,403462991.457991,403462969.129205,0.067957,7.580e-10,2.861e-10,1.323,1.002
403463009.926389,403463010.546366,403462974.298851,0.561237,2.149e-09,4.819e-10,0.821,0.368
403463017.315876,403463018.455816,403462979.178517,0.549982,8.885e-09,1.034e-09,0.542,0.132
403463029.934996,403463030.674965,403462987.347957,0.194594,2.289e-09,4.970e-10,0.750,0.331
403463039.17435,403463040.814255,403462991.1076981,0.373873,2.319e-09,5.070e-10,0.743,0.328
403463046.143861,403463046.883829,403463010.296373,0.619977,9.689e-09,1.099e-09,0.436,0.107
403463058.163015,403463061.642789,403463017.945842,1.139941,5.929e-08,3.173e-09,0.477,0.055
403463065.782476,403463068.482305,403463030.044999,0.739968,5.919e-09,8.283e-10,1.054,0.296
403463074.631849,403463075.651797,403463039.634328,1.639905,6.662e-09,8.584e-10,0.630,0.167
403463091.670636,403463092.530594,403463046.573841,0.739968,1.684e-08,1.546e-09,0.470,0.092
403463099.78821,403463101.710601,403463060.252877,3.479774,8.092e-09,9.287e-10,0.430,0.107
403463118.548706,403463118.978695,403463065.902478,2.699829,1.766e-08,1.411e-09,0.685,0.111
403463130.077872,403463132.377725,403463075.1918191,1.019948,8.802e-08,4.443e-09,0.613,0.064
403463137.527331,403463138.36729,403463091.690644,0.859959,7.098e-09,8.936e-10,0.654,0.169
403463143.146923,403463144.306858,403463101.13996804,1.922391,3.865e-09,6.426e-10,0.495,0.176
403463153.936136,403463154.616106,403463118.668707,0.429989,1.817e-08,1.601e-09,0.315,0.065
403463156.765929,403463157.915865,403463131.247797,2.299853,7.344e-09,8.986e-10,0.355,0.097
403463176.824456,403463179.48428,403463137.7173281,0.839959,4.116e-09,6.677e-10,0.903,0.293
403463181.437215,403463182.246928,403463143.56690204,1.159936,6.416e-09,8.434e-10,0.711,0.189
403463186.773722,403463188.463617,403463153.976143,0.67997,4.478e-09,6.978e-10,0.709,0.225
403463204.912376,403463206.682264,403463157.2459041,1.149936,1.835e-08,1.531e-09,0.620,0.107
403463210.601952,403463213.841731,403463179.064301,2.659824,3.408e-08,2.068e-09,0.507,0.065
403463217.439551,403463218.891829,403463181.964087,0.809713,3.745e-09,6.426e-10,0.474,0.173
403463234.660151,403463238.049916,403463187.4436821,1.689895,4.948e-08,2.967e-09,0.481,0.062
403463240.669698,403463242.079612,403463204.9323851,1.769888,9.739e-09,1.049e-09,0.571,0.129
403463248.429113,403463249.869024,403463210.661958,3.239778,2.230e-08,1.611e-09,0.562,0.084
403463257.398434,403463260.828194,403463217.9314151,1.452277,3.640e-09,6.225e-10,0.472,0.173
403463270.477441,403463271.217404,403463235.640087,3.389765,3.857e-08,2.199e-09,0.587,0.069
403463273.287227,403463274.877126,403463241.95961106,1.409914,8.459e-09,9.638e-10,0.712,0.165
403463281.096631,403463281.516619,403463249.099072,1.439911,9.688e-08,4.533e-09,0.308,0.034
403463286.316232,403463288.716068,403463257.428442,3.42976,3.122e-08,1.973e-09,0.626,0.081
403463298.455301,403463299.735222,403463270.69743407,0.739964,3.246e-08,2.184e-09,0.498,0.071
403463304.084868,403463304.494856,403463274.07717705,1.589899,4.511e-08,2.651e-09,0.653,0.078
403463316.468995,403463316.586713,403463281.22663105,0.419988,9.061e-09,1.044e-09,0.530,0.129
403463322.783423,403463324.423316,403463288.45607805,2.399836,1.675e-08,1.416e-09,0.545,0.096
403463326.253154,403463327.123107,403463299.1352581,1.279922,3.002e-08,2.028e-09,0.440,0.064
403463332.152696,403463334.852506,403463304.494846,0.409988,5.592e-09,8.082e-10,0.454,0.142
403463340.417592,403463340.631251,403463316.48392105,0.117718,2.244e-09,4.920e-10,0.467,0.213
403463347.085901,403463347.297083,403463322.8734261,1.639893,1.838e-08,1.471e-09,0.497,0.084
403463354.41096,403463355.040931,403463326.3631561,0.869953,1.974e-08,1.611e-09,0.556,0.095
403463357.610709,403463358.960624,403463332.2327,2.69981,1.947e-08,1.571e-09,0.780,0.127
403463363.200264,403463363.571025,403463340.512056,0.213659,3.137e-09,5.823e-10,0.447,0.179
403463370.729679,403463374.65939,403463347.12154007,0.211182,2.605e-09,5.321e-10,0.496,0.215
403463381.988791,403463382.908739,403463354.94092906,0.629971,4.920e-09,7.430e-10,1.021,0.308
403463414.999691,403463415.134932,403463357.820703,1.349914,4.087e-08,2.480e-09,0.760,0.093
403463419.945775,403463420.51575,403463363.34027004,0.370761,2.651e-09,5.422e-10,0.197,0.107
403463425.835304,403463428.155138,403463370.73968804,3.929711,2.934e-08,1.862e-09,0.544,0.072
403463434.271095,403463434.377585,403463382.0088,0.919947,2.155e-07,1.186e-08,0.498,0.058
403463440.704111,403463442.234007,403463415.026178,0.135241,2.761e-09,5.522e-10,0.389,0.173
403463448.723465,403463449.313437,403463419.9557841,0.569974,4.859e-09,7.430e-10,0.794,0.244
403463452.153188,403463452.49318,403463426.335274,2.319834,6.345e-08,3.378e-09,0.702,0.076
403463460.891356,403463461.191682,403463434.3146341,0.106489,3.444e-09,6.175e-10,0.409,0.161
403463464.712172,403463465.272146,403463441.214079,1.529897,1.892e-08,1.506e-09,0.463,0.079
403463469.310555,403463469.422922,403463449.013451,0.589972,8.077e-09,9.538e-10,0.565,0.139
403463471.201645,403463474.4714,403463452.16319704,0.339993,6.546e-09,8.835e-10,0.716,0.195
403463480.991183,403463481.47862,403463461.04247904,0.300326,3.549e-09,6.476e-10,0.297,0.128
403463492.329924,403463492.98989,403463464.79217505,0.559975,7.701e-09,9.488e-10,0.655,0.165
403463503.419016,403463504.368959,403463469.35180604,0.112367,2.319e-09,5.070e-10,0.399,0.193
403463506.535551,403463506.865457,403463471.46163404,3.269754,2.004e-08,1.546e-09,0.529,0.085
403463510.393819,403463510.695932,403463481.13084805,0.487437,2.520e-09,5.271e-10,0.517,0.225
403463514.782265,403463515.887828,403463492.549916,0.659966,2.991e-08,2.219e-09,0.441,0.071
403463526.917083,403463527.897022,403463503.48902106,0.949942,1.697e-08,1.476e-09,0.383,0.074
403463533.484772,403463533.817608,403463506.54877007,0.329906,2.942e-09,5.773e-10,1.170,0.459
403463537.676194,403463538.44615,403463510.668432,0.302113,3.042e-09,5.873e-10,0.507,0.207
403463541.2259,403463541.635886,403463515.128065,1.105562,3.288e-09,6.024e-10,0.502,0.194
403463542.955756,403463543.895698,403463527.70702803,0.979939,3.587e-08,2.485e-09,0.695,0.098
403463552.724945,403463553.314916,403463533.576543,0.332836,2.821e-09,5.622e-10,0.663,0.271
403463560.729914,403463560.939475,403463538.016176,0.769956,1.441e-08,1.335e-09,0.620,0.118
403463564.823937,403463565.823874,403463541.335901,0.409986,5.497e-09,8.032e-10,0.674,0.200
403463573.196163,403463573.322612,403463543.565716,0.939942,4.428e-09,7.078e-10,1.156,0.370
403463579.915127,403463579.968781,403463553.154919,0.589971,8.208e-09,9.739e-10,0.917,0.218
403463583.402383,403463584.75229,403463560.83428,0.209562,3.258e-09,6.175e-10,0.333,0.145
403463595.311382,403463595.58138,403463565.203915,0.999937,1.635e-08,1.451e-09,0.378,0.075
403463598.451118,403463599.331064,403463573.24324405,0.126449,1.737e-09,4.367e-10,0.602,0.310
403463607.510354,403463608.160319,403463579.942683,0.053654,9.488e-10,3.163e-10,0.800,0.537
403463611.050055,403463611.300054,403463583.83235705,1.349907,1.233e-08,1.200e-09,0.579,0.117
403463619.201943,403463619.501345,403463595.46138,0.269997,6.797e-09,9.187e-10,0.716,0.196
403463627.928625,403463628.068633,403463598.571118,0.879946,2.686e-08,1.943e-09,0.607,0.090
403463637.112078,403463637.470705,403463607.5603601,0.649965,2.173e-08,1.732e-09,0.479,0.082
403463647.646947,403463648.116927,403463611.13005805,0.249999,4.518e-09,7.229e-10,0.302,0.115
403463652.457878,403463652.640285,403463619.319365,0.299402,2.952e-09,5.773e-10,0.448,0.190
403463655.506276,403463656.216235,403463627.978631,0.140008,4.995e-09,7.630e-10,0.626,0.194
403463660.47585,403463661.305799,403463637.12785304,0.358626,1.842e-09,4.468e-10,0.417,0.221
403463664.062704,403463664.922241,403463648.08691907,0.46998,7.164e-09,9.036e-10,0.657,0.169
403463673.164762,403463674.574661,403463652.566537,0.182406,2.821e-09,5.622e-10,0.552,0.231
403463690.803244,403463691.593196,403463656.06623805,0.709959,5.226e-09,7.630e-10,0.375,0.123
403463699.802466,403463701.622329,403463660.875826,0.829949,4.438e-09,7.028e-10,0.437,0.151
403463706.781862,403463708.561728,403463664.89548206,0.859537,3.901e-09,6.576e-10,0.667,0.230
403463721.720566,403463722.440524,403463673.30476,1.409899,2.995e-08,2.184e-09,0.900,0.131
403463730.339816,403463731.229758,403463691.37320507,0.789952,6.897e-09,8.986e-10,0.440,0.124
403463748.138262,403463748.478252,403463700.092451,1.819863,8.720e-08,4.543e-09,0.445,0.050
403463750.528053,403463751.617978,403463708.0917591,1.779866,2.159e-08,1.632e-09,0.463,0.075
403463762.779859,403463763.017524,403463722.07054603,0.719957,1.712e-08,1.476e-09,0.638,0.112
403463781.8653,403463783.425182,403463730.3798231,0.889942,6.089e-09,8.434e-10,0.852,0.237
403463825.311451,403463827.261297,403463748.25826204,0.33999,4.332e-09,7.128e-10,0.768,0.256
403463830.321005,403463831.83089,403463751.09801304,1.089925,5.667e-08,3.253e-09,0.508,0.062
403463870.967367,403463872.647236,403463762.876981,0.237666,3.710e-09,6.476e-10,1.364,0.482
403463892.945388,403463893.705339,403463783.2351891,1.559883,6.988e-09,8.885e-10,0.322,0.096
403463899.915416,403463900.013067,403463825.391454,1.949846,6.797e-09,8.685e-10,0.450,0.124
403463904.194371,403463905.214299,403463830.510998,1.509885,3.802e-08,2.455e-09,0.401,0.057
403463907.294091,403463908.334017,403463871.44733405,1.679869,6.626e-09,8.685e-10,0.736,0.194
403463923.542618,403463924.462554,403463893.32536304,0.759951,2.054e-08,1.742e-09,0.512,0.092
403463938.193457,403463938.340091,403463899.924767,0.097651,1.436e-09,3.966e-10,0.437,0.264
403463954.59979,403463959.569356,403463904.33436906,1.019928,9.854e-09,1.094e-09,0.831,0.186
403463974.91032,403463975.027326,403463907.38409305,1.039926,1.017e-08,1.124e-09,0.805,0.179
403463985.896924,403463987.086834,403463923.8026041,0.919936,1.581e-08,1.391e-09,0.794,0.141
403464003.301717,403464003.757415,403463938.231292,0.146634,2.962e-09,5.823e-10,0.532,0.218
403464011.594559,403464012.734474,403463954.769784,4.969566,4.407e-08,2.324e-09,0.575,0.063
403464014.682136,403464014.985675,403463974.917941,0.117006,8.584e-10,3.012e-10,0.977,0.691
403464017.413591,403464017.498934,403463986.37689006,1.189911,1.625e-07,8.429e-09,0.520,0.057
403464030.175977,403464031.06904,403464003.375327,0.455698,1.877e-09,4.568e-10,0.408,0.216
403464036.552253,403464037.042228,403464012.68446803,1.139915,7.741e-09,9.538e-10,0.932,0.230
403464042.611691,403464043.001675,403464014.84426904,0.303538,3.941e-09,6.677e-10,0.513,0.183
403464062.328784,403464062.372352,403464017.43403006,0.085343,1.461e-09,4.066e-10,0.420,0.252
403464070.147649,403464070.476641,403464030.4928241,0.893064,1.948e-09,4.618e-10,0.617,0.298
403464088.127459,403464090.68724,403464036.70224905,0.489975,1.866e-08,1.571e-09,0.275,0.056
403464094.316881,403464095.876755,403464042.88167703,0.389984,1.182e-08,1.200e-09,0.498,0.108
403464101.49621,403464102.326153,403464062.33987,0.043568,1.205e-09,3.665e-10,1.759,1.112
403464105.215862,403464106.425769,403464070.209139,0.328991,3.981e-09,6.827e-10,0.618,0.218
403464109.655447,403464110.005434,403464090.4572511,2.559781,3.011e-08,1.973e-09,0.553,0.076
403464112.93514,403464114.75499,403464094.816844,1.559874,2.340e-08,1.732e-09,0.465,0.073
403464118.084658,403464119.164577,403464101.526217,0.829942,1.351e-08,1.300e-09,0.537,0.108
403464121.274359,403464122.284284,403464105.9958,1.209907,2.859e-08,2.008e-09,0.857,0.121
403464126.09699,403464126.554546,403464109.935431,0.349987,7.625e-09,9.538e-10,0.711,0.181
403464128.333697,403464129.433614,403464113.05513906,1.81985,3.127e-07,1.182e-08,0.392,0.033
403464135.136315,403464135.332878,403464118.674613,1.079919,8.900e-09,1.044e-09,0.429,0.110
403464136.442936,403464137.732835,403464121.57434106,1.009925,4.053e-08,2.535e-09,0.465,0.063
403464139.212676,403464140.152607,403464126.193908,0.457556,3.122e-09,6.024e-10,0.229,0.114
403464146.941949,403464149.701709,403464128.42369807,1.099917,1.521e-08,1.375e-09,0.574,0.107
403464177.999023,403464182.828587,403464135.2730551,0.196563,2.374e-09,5.171e-10,0.609,0.273
403464187.278146,403464190.247885,403464137.46285,1.289899,1.440e-07,6.491e-09,0.493,0.047
403464198.197114,403464198.947063,403464139.3126761,0.939932,4.898e-08,3.037e-09,0.519,0.068
403464204.076557,403464205.216469,403464146.961957,2.75976,2.206e-07,7.816e-09,0.530,0.039
403464211.383981,403464211.700815,403464180.14883006,4.829564,1.006e-07,4.267e-09,0.544,0.048
403464216.093905,403464216.196731,403464188.32805705,2.969739,6.346e-08,3.373e-09,0.571,0.063
403464217.541067,403464217.810945,403464198.757071,0.749949,1.735e-08,1.541e-09,0.376,0.075
403464220.814971,403464221.054968,403464204.346542,1.139912,1.022e-07,5.407e-09,0.538,0.060
403464225.714506,403464226.344466,403464211.54586005,0.316834,2.871e-09,5.622e-10,0.294,0.137
403464242.452916,403464242.932891,403464216.145424,0.102826,2.379e-09,5.171e-10,0.505,0.233
403464249.012293,403464249.472269,403464217.565289,0.269878,3.936e-09,6.777e-10,0.302,0.123
403464252.451965,403464252.811951,403464221.00496304,0.239997,5.979e-09,8.383e-10,0.416,0.128
403464259.881258,403464260.041263,403464225.99449,0.62996,9.287e-09,1.044e-09,0.644,0.148
403464261.170933,403464261.275424,403464242.492923,0.479974,6.566e-09,8.685e-10,1.022,0.271
403464265.64071,403464265.920703,403464249.072297,0.459976,2.390e-08,1.963e-09,0.489,0.085
403464285.968771,403464286.468744,403464252.771945,0.359986,1.119e-08,1.220e-09,0.527,0.121
403464293.868017,403464294.387988,403464259.9712601,0.160005,4.473e-09,7.279e-10,0.618,0.203
403464297.577663,403464298.047638,403464261.1711451,0.104491,1.662e-09,4.317e-10,0.660,0.349
403464301.127324,403464301.467311,403464265.6907151,0.279993,6.857e-09,9.086e-10,0.292,0.093
403464302.907154,403464303.347132,403464286.2787521,0.499972,1.734e-08,1.591e-09,0.457,0.090
403464307.286735,403464309.356557,403464293.88802505,0.51997,1.675e-08,1.551e-09,0.732,0.137
403464310.986381,403464311.636339,403464297.657665,0.469975,5.492e-09,7.932e-10,0.650,0.192
403464312.116273,403464313.126197,403464301.337314,0.339988,8.825e-09,1.089e-09,0.616,0.156
403464314.86601,403464315.835937,403464303.007154,0.439978,1.055e-08,1.165e-09,0.470,0.112
403464319.265589,403464319.915547,403464308.646615,2.069822,6.731e-08,3.378e-09,0.380,0.043
403464324.985042,403464325.784985,403464311.116379,0.649958,4.448e-08,3.007e-09,0.582,0.081
403464330.884477,403464331.714417,403464312.38625705,1.009923,4.324e-08,2.836e-09,0.415,0.060
403464335.13407,403464335.23408,403464315.046003,0.969927,3.647e-07,1.840e-08,0.485,0.052
403464337.793815,403464338.863732,403464319.405586,0.649958,1.175e-08,1.240e-09,0.469,0.105
403464342.393374,403464343.673271,403464325.265025,0.799943,6.395e-08,3.906e-09,0.393,0.053
403464345.513075,403464346.61299,403464330.9644791,0.829941,2.929e-08,2.179e-09,0.555,0.086
403464349.472695,403464351.542517,403464335.1740761,0.10001,4.704e-09,7.630e-10,0.386,0.137
403464356.152054,403464356.51204,403464338.803728,1.069917,3.319e-08,2.364e-09,0.354,0.057
403464358.091868,403464359.74173,403464343.423285,1.279897,4.453e-08,2.701e-09,0.483,0.063
403464363.351364,403464363.851336,403464346.10302806,1.099915,1.596e-08,1.446e-09,0.518,0.100
403464365.761132,403464366.441087,403464349.772676,2.069821,2.818e-08,1.928e-09,0.485,0.071
403464369.300792,403464371.380613,403464356.2920511,0.359986,8.444e-09,1.064e-09,0.661,0.170
403464376.420109,403464378.579921,403464358.36185205,1.649862,2.298e-08,1.772e-09,0.491,0.080
403464385.469239,403464388.978922,403464363.381371,0.499972,8.910e-09,1.074e-09,0.822,0.199
403464393.278488,403464393.77846,403464365.88113105,0.679955,4.060e-08,2.686e-09,0.483,0.068
403464395.218302,403464395.888257,403464370.86065304,2.07982,6.297e-08,3.117e-09,0.495,0.052
403464401.307716,403464402.967576,403464377.13005006,2.159813,6.411e-08,3.203e-09,0.399,0.044
403464403.737482,403464404.257452,403464388.538954,3.509683,4.495e-08,2.460e-09,0.402,0.049
403464655.231158,403464655.282571,403464610.167567,1.329891,6.652e-08,3.800e-09,0.168,0.027
403464664.132345,403464664.832297,403464621.41648006,1.13991,5.326e-09,7.681e-10,0.556,0.168
403464677.86102,403464680.290805,403464626.715968,1.429882,2.831e-08,1.958e-09,0.188,0.036
403464707.368174,403464709.238013,403464647.233986,1.989828,1.113e-07,5.482e-09,0.153,0.022
403464720.946865,403464722.526733,403464655.24321306,0.051413,1.662e-09,4.317e-10,0.357,0.210
403464724.00657,403464725.476448,403464664.21234703,0.699952,7.384e-09,9.387e-10,0.390,0.109
403464731.605838,403464734.425587,403464680.200804,2.429786,2.031e-08,1.566e-09,0.359,0.063
403464750.534016,403464754.573647,403464708.81804407,1.86984,8.348e-09,9.739e-10,0.897,0.209
403464772.291924,403464774.291752,403464722.15675807,1.579868,2.005e-08,1.606e-09,0.114,0.030
403464775.93064,403464776.089028,403464724.52653,1.469878,3.106e-08,2.098e-09,0.121,0.026
403464869.572605,403464869.822601,403464731.725837,2.819749,1.558e-08,1.355e-09,0.241,0.053
403467483.200694,403467486.640549,403464750.554024,4.039631,1.509e-08,1.300e-09,0.312,0.063
403467500.73985,403467501.499833,403464774.10176,1.999828,1.235e-08,1.200e-09,0.310,0.071
403467610.664545,403467611.574521,403464775.9515821,0.158388,2.535e-09,5.422e-10,0.556,0.248
403467614.539836,403467616.058538,403464869.169804,2.899743,2.683e-08,1.084e-09,0.131,0.016
403467634.153872,403467634.488825,403464869.58261406,0.249996,1.191e-08,1.777e-09,0.249,0.093
403467665.881864,403467668.281767,403464908.46606207,0.171849,1.330e-09,1.757e-10,0.345,0.105
403467703.159603,403467703.83599,403464914.915449,2.199811,4.222e-09,3.112e-10,0.221,0.042
403467711.019796,403467713.142955,403467486.64053905,3.439854,1.125e-08,1.129e-09,0.201,0.053
403467738.678302,403467740.388238,403467500.9498501,0.759983,2.826e-08,2.174e-09,0.141,0.033
403467751.567668,403467753.14761,403467610.704553,0.909976,4.312e-09,6.978e-10,0.404,0.145
403467773.686576,403467774.686547,403467615.44432306,1.518702,2.430e-09,5.070e-10,0.348,0.165
403467784.634471,403467785.040026,403467634.213413,0.334953,1.506e-09,4.016e-10,0.075,0.078
403467788.205857,403467789.285824,403467667.441798,2.399903,6.626e-09,8.534e-10,0.251,0.081
403467810.566659,403467811.677228,403467703.290048,0.676387,2.485e-09,5.171e-10,0.095,0.070
403467815.91448,403467819.204336,403467711.2396591,2.123159,3.740e-09,6.325e-10,0.205,0.092
403467824.174068,403467825.374028,403467739.12829006,1.709936,4.638e-09,7.078e-10,0.269,0.100
403467969.085277,403467970.812735,403467752.80761707,1.579942,1.888e-08,1.531e-09,0.142,0.035
403467998.989093,403467999.558672,403467773.756583,0.999971,1.806e-08,1.576e-09,0.240,0.052
403468077.501033,403468078.261013,403467784.65604305,0.405555,1.707e-09,4.267e-10,0.333,0.191
403468113.859087,403468114.789057,403467788.505852,1.079967,4.398e-09,6.928e-10,0.145,0.070
403468153.766924,403468154.476905,403467811.2047241,1.110569,3.534e-09,6.225e-10,0.285,0.122
403468158.4421,403468159.023545,403467817.90439,3.289856,6.411e-09,8.283e-10,0.151,0.057
403468245.139793,403468245.185122,403467824.974038,1.19996,5.322e-08,3.112e-09,0.200,0.032
403468272.581683,403468272.663926,403467969.936682,1.727459,3.790e-09,6.426e-10,0.254,0.108
403468286.652299,403468287.289144,403467999.275161,0.569579,1.411e-09,3.916e-10,0.000,0.000
403468371.754579,403468372.614548,403468077.921021,0.75998,1.499e-08,1.406e-09,0.152,0.042
403468414.898863,403468415.235568,403468113.96909106,0.92997,9.864e-09,1.119e-09,0.322,0.085
403468423.88148,403468424.441466,403468154.0269201,0.709981,9.312e-09,1.074e-09,0.288,0.079
403468525.12586,403468525.238445,403468158.5666721,0.581446,3.057e-09,5.773e-10,0.560,0.220
403468552.342821,403468553.928319,403468245.171872,0.045329,4.267e-10,2.159e-10,1.000,0.987
403468562.330974,403468562.35935,403468272.600322,0.082244,8.685e-10,3.062e-10,2.955,2.405
403468599.670565,403468602.150426,403468286.83951104,0.636845,2.570e-09,5.371e-10,0.045,0.046
403468685.954933,403468686.504916,403468371.774588,0.859969,1.939e-08,1.672e-09,0.627,0.111
403468691.849693,403468691.971487,403468414.962024,0.336704,1.079e-09,3.414e-10,0.250,0.196
403469033.64875,403469034.182123,403468423.961485,0.559986,6.315e-09,8.835e-10,0.188,0.072
403469213.836279,403469215.086199,403468525.1252941,0.112585,1.391e-09,3.865e-10,0.086,0.090
403469415.461589,403469415.526745,403468552.7835591,1.585497,2.249e-09,4.920e-10,0.310,0.158
403469476.861536,403469477.157998,403468562.3329561,0.028377,6.476e-10,2.661e-10,0.206,0.225
403469490.781966,403469491.134732,403468599.960557,2.479861,1.506e-08,1.365e-09,0.109,0.033
403469607.825367,403469608.261725,403468686.22492504,0.549983,1.824e-08,1.611e-09,0.151,0.039
403469685.435977,403469685.875957,403468691.87454903,0.121794,1.285e-09,3.715e-10,0.333,0.222
403470095.258023,403470095.31622,403469033.790287,0.533373,1.591e-09,4.116e-10,0.153,0.117
403470437.571143,403470438.805152,403469214.43624103,1.24992,4.916e-08,2.927e-09,0.217,0.034
403470563.545436,403470563.597549,403469415.489658,0.065156,6.576e-10,2.711e-10,0.000,0.000
403473217.212794,403473217.234996,403469477.024395,0.296462,1.285e-09,3.715e-10,0.333,0.222
403473251.987193,403473253.088239,403469490.9131961,0.352766,2.334e-09,5.120e-10,0.000,0.000
403473311.319551,403473311.899543,403469607.84294,0.436358,1.129e-09,3.564e-10,0.442,0.306
403473614.816473,403473615.102061,403469685.5059811,0.43998,5.823e-09,8.132e-10,0.658,0.189
403473986.222319,403473986.386471,403470095.257748,0.058198,6.526e-10,2.661e-10,2.071,1.813
403473990.385048,403473991.055031,403470438.464669,1.234009,1.506e-09,4.016e-10,0.277,0.182
403474063.443227,403474063.920465,403470563.55261004,0.052113,1.772e-09,4.418e-10,0.459,0.245
403474187.472105,403474187.827026,403473217.21409404,0.022202,4.167e-10,2.058e-10,0.339,0.392
403474274.486484,403474274.609833,403473252.902375,1.101046,9.337e-10,3.112e-10,0.806,0.537
403474463.689187,403474463.807736,403473311.4595541,0.579992,4.654e-09,7.179e-10,0.136,0.065
403474604.451913,403474604.827738,403473614.964726,0.285587,1.145e-09,3.464e-10,0.373,0.254
403474679.631636,403474680.120744,403473986.325282,0.164152,1.054e-09,3.313e-10,0.112,0.118
403474814.212055,403474814.524174,403473990.90502906,0.669983,9.814e-09,1.099e-09,0.160,0.052
403475087.215444,403475088.115797,403474063.700945,0.477239,1.586e-09,4.116e-10,0.249,0.159
403475586.976486,403475587.716438,403474187.70373905,0.354921,1.155e-09,3.464e-10,0.096,0.100
403475786.455827,403475790.165635,403474274.488495,0.123349,8.534e-10,3.012e-10,0.604,0.440
403475953.16735,403475953.911304,403474463.69644105,0.118548,1.074e-09,3.414e-10,0.659,0.429
403476145.300624,403476153.027698,403474604.7768661,0.375826,1.054e-09,3.313e-10,0.429,0.294
403480418.332929,403480418.823281,403474679.89155805,0.489108,1.872e-09,4.568e-10,0.692,0.342
403480764.748066,403480764.803876,403474814.401682,0.312118,1.541e-09,4.116e-10,0.734,0.397
403482166.520557,403482167.141699,403475087.280213,0.900353,1.903e-09,4.618e-10,0.307,0.177
403486828.867653,403486828.941422,403475587.156479,0.739952,7.133e-09,9.136e-10,0.152,0.058
403486834.447092,403486834.509267,403475789.987504,3.709808,1.913e-09,4.518e-10,0.287,0.161
403486937.064673,403486937.734108,403475953.19192004,0.743954,2.706e-09,5.522e-10,0.407,0.183
403487373.759255,403487373.938494,403476150.802855,7.727074,2.691e-09,5.371e-10,0.256,0.128
403487458.188675,403487458.677343,403480418.335801,0.490351,1.867e-09,4.418e-10,0.291,0.165
403490972.598212,403490972.650424,403480764.779879,0.055811,5.221e-10,2.309e-10,0.000,0.000
403491003.655519,403491003.789695,403482166.841627,0.621142,6.375e-10,2.610e-10,0.198,0.217
403493457.410408,403493457.820388,403486828.90771306,0.073769,4.367e-10,2.209e-10,0.333,0.385
403497904.858602,403497905.268592,403486834.4472381,0.062176,4.568e-10,2.259e-10,0.338,0.390
403497906.918946,403497907.155374,403486937.068308,0.669435,3.183e-09,6.024e-10,0.403,0.168
403502468.124322,403502468.188652,403487373.788211,0.179239,5.321e-10,2.359e-10,0.683,0.622
403430146.998469,403430147.688261,403487458.330161,0.488668,9.488e-10,3.163e-10,0.286,0.231
403453296.706647,403453297.556586,403490972.62676203,0.052212,1.054e-10,1.054e-10,0.000,0.000
403453310.860278,403453312.677451,403491003.70520806,0.134176,1.697e-09,4.267e-10,0.599,0.310
403453325.201118,403453325.299989,403493457.54040504,0.40998,5.191e-09,8.032e-10,0.618,0.197
403464868.219885,403464871.119628,403497905.068596,0.40999,5.663e-09,8.183e-10,0.779,0.227
403464908.423184,403464908.595032,403497907.078449,0.236428,1.712e-09,4.267e-10,0.449,0.241
403464914.715458,403464916.915269,403502468.141533,0.06433,6.275e-10,2.560e-10,2.000,1.744
